ID,Nom,CPU,system_cpu_usage,cpu_total_usage,Mémoire_utilisée,Mémoire totale
fd03e87ab439,condescending_shirley,4.039742212427694e-05,565667300000000,228515007,3579904,4078858240
ad398e286c2a,epic_bhabha,2.6136011183031953e-05,565671280000000,147843909,1372160,4078858240
075e0add8453,trusting_carver,2.5789809128657697e-05,565675280000000,145886575,1368064,4078858240
472b899f62a0,ecstatic_wing,2.2818428133499902e-05,565679210000000,129079104,1372160,4078858240
fdecf4df1251,competent_hermann,2.4912690186377442e-05,565683260000000,140926918,1380352,4078858240
e42b44eb3d76,upbeat_spence,2.3901247868013566e-05,565687230000000,135206307,1384448,4078858240
a912c7b2b006,quirky_jones,2.4073934782022264e-05,565691260000000,136184145,1380352,4078858240
4101f97eb852,boring_montalcini,3.0102986535278152e-05,565695310000000,170291183,2588672,4078858240
0bf4c155b736,trusting_spence,2.258680791344108e-05,565699290000000,127773412,1380352,4078858240
9a4ccaa8d6d7,musing_raman,2.3414682215146232e-05,565703330000000,132457637,1355776,4078858240
e1545727bacb,laughing_mayer,2.4053495155533615e-05,565707300000000,136072378,1384448,4078858240
0bb15ed274e6,trusting_kilby,2.48933368580991e-05,565711350000000,140824432,1376256,4078858240
